{"spot_1": [[885.9311315924219, 1076.8558627752177], [1145.6341525857656, 1079.3136200716845], [1028.4810547875065, 951.510240655402], [812.1984126984128, 976.0878136200716]], "spot_2": [[885.9311315924219, 1076.8558627752177], [1145.6341525857656, 1079.3136200716845], [1028.4810547875065, 951.510240655402], [812.1984126984128, 976.0878136200716]], "spot_3": [[592.6387608806964, 1003.1231438812083], [621.3125960061444, 1076.036610343062], [881.8348694316437, 1076.8558627752177], [812.1984126984128, 982.641833077317]], "spot_4": [[592.6387608806964, 1003.1231438812083], [621.3125960061444, 1076.036610343062], [881.8348694316437, 1076.8558627752177], [812.1984126984128, 982.641833077317]], "spot_5": [[701.5993343573989, 817.9720942140298], [860.5343061955966, 809.7795698924731], [794.1748591909882, 728.673579109063], [647.5286738351255, 741.7816180235535]], "spot_6": [[1028.4810547875065, 794.2137736815156], [1171.8502304147466, 784.3827444956478], [1083.3709677419356, 712.2885304659499], [935.0862775217613, 725.3965693804404]], "spot_7": [[701.5993343573989, 817.9720942140298], [860.5343061955966, 809.7795698924731], [794.1748591909882, 728.673579109063], [647.5286738351255, 741.7816180235535]], "spot_8": [[1028.4810547875065, 794.2137736815156], [1171.8502304147466, 784.3827444956478], [1083.3709677419356, 712.2885304659499], [935.0862775217613, 725.3965693804404]], "spot_9": [[862.1728110599079, 808.9603174603175], [1021.1077828981056, 796.6715309779826], [927.7130056323606, 727.0350742447516], [795.8133640552996, 731.9505888376856]]}